,Year,LifeExpectancy,Status
0,2015,65.0,Developing
1,2014,59.9,Developing
2,2013,59.9,Developing
3,2012,59.5,Developing
4,2011,59.2,Developing
5,2010,58.8,Developing
6,2009,58.6,Developing
7,2008,58.1,Developing
8,2007,57.5,Developing
9,2006,57.3,Developing
10,2005,57.3,Developing
11,2004,57.0,Developing
12,2003,56.7,Developing
13,2002,56.2,Developing
14,2001,55.3,Developing
15,2000,54.8,Developing
16,2015,77.8,Developing
17,2014,77.5,Developing
18,2013,77.2,Developing
19,2012,76.9,Developing
20,2011,76.6,Developing
21,2010,76.2,Developing
22,2009,76.1,Developing
23,2008,75.3,Developing
24,2007,75.9,Developing
25,2006,74.2,Developing
26,2005,73.5,Developing
27,2004,73.0,Developing
28,2003,72.8,Developing
29,2002,73.3,Developing
30,2001,73.6,Developing
31,2000,72.6,Developing
32,2015,75.6,Developing
33,2014,75.4,Developing
34,2013,75.3,Developing
35,2012,75.1,Developing
36,2011,74.9,Developing
37,2010,74.7,Developing
38,2009,74.4,Developing
39,2008,74.1,Developing
40,2007,73.8,Developing
41,2006,73.4,Developing
42,2005,72.9,Developing
43,2004,72.3,Developing
44,2003,71.7,Developing
45,2002,71.6,Developing
46,2001,71.4,Developing
47,2000,71.3,Developing
48,2015,52.4,Developing
49,2014,51.7,Developing
50,2013,51.1,Developing
51,2012,56.0,Developing
52,2011,51.0,Developing
53,2010,49.6,Developing
54,2009,49.1,Developing
55,2008,48.7,Developing
56,2007,48.2,Developing
57,2006,47.7,Developing
58,2005,47.4,Developing
59,2004,47.1,Developing
60,2003,46.8,Developing
61,2002,46.5,Developing
62,2001,45.7,Developing
63,2000,45.3,Developing
64,2015,76.4,Developing
65,2014,76.2,Developing
66,2013,76.1,Developing
67,2012,75.9,Developing
68,2011,75.7,Developing
69,2010,75.6,Developing
70,2009,75.4,Developing
71,2008,75.2,Developing
72,2007,75.0,Developing
73,2006,74.8,Developing
74,2005,74.6,Developing
75,2004,74.4,Developing
76,2003,74.2,Developing
77,2002,74.0,Developing
78,2001,73.8,Developing
79,2000,73.6,Developing
80,2015,76.3,Developing
81,2014,76.2,Developing
82,2013,76.0,Developing
83,2012,75.9,Developing
84,2011,75.7,Developing
85,2010,75.5,Developing
86,2009,75.6,Developing
87,2008,75.4,Developing
88,2007,74.8,Developing
89,2006,75.2,Developing
90,2005,74.9,Developing
91,2004,74.7,Developing
92,2003,74.1,Developing
93,2002,74.1,Developing
94,2001,74.0,Developing
95,2000,74.1,Developing
96,2015,74.8,Developing
97,2014,74.6,Developing
98,2013,74.4,Developing
99,2012,74.4,Developing
100,2011,73.9,Developing
101,2010,73.5,Developing
102,2009,73.3,Developing
103,2008,73.2,Developing
104,2007,73.5,Developing
105,2006,72.9,Developing
106,2005,73.0,Developing
107,2004,73.0,Developing
108,2003,72.7,Developing
109,2002,72.6,Developing
110,2001,72.6,Developing
111,2000,72.0,Developing
112,2015,82.8,Developed
113,2014,82.7,Developed
114,2013,82.5,Developed
115,2012,82.3,Developed
116,2011,82.0,Developed
117,2010,81.9,Developed
118,2009,81.7,Developed
119,2008,81.3,Developed
120,2007,81.3,Developed
121,2006,81.2,Developed
122,2005,81.0,Developed
123,2004,86.0,Developed
124,2003,83.0,Developed
125,2002,79.9,Developed
126,2001,79.9,Developed
127,2000,79.5,Developed
128,2015,81.5,Developed
129,2014,81.4,Developed
130,2013,81.1,Developed
131,2012,88.0,Developed
132,2011,88.0,Developed
133,2010,84.0,Developed
134,2009,82.0,Developed
135,2008,84.0,Developed
136,2007,81.0,Developed
137,2006,79.8,Developed
138,2005,79.4,Developed
139,2004,79.3,Developed
140,2003,78.8,Developed
141,2002,78.7,Developed
142,2001,78.6,Developed
143,2000,78.1,Developed
144,2015,72.7,Developing
145,2014,72.5,Developing
146,2013,72.2,Developing
147,2012,71.9,Developing
148,2011,71.6,Developing
149,2010,71.1,Developing
150,2009,78.0,Developing
151,2008,73.0,Developing
152,2007,73.0,Developing
153,2006,69.2,Developing
154,2005,68.4,Developing
155,2004,68.4,Developing
156,2003,67.8,Developing
157,2002,67.8,Developing
158,2001,67.5,Developing
159,2000,66.6,Developing
160,2015,76.1,Developing
161,2014,75.4,Developing
162,2013,74.8,Developing
163,2012,74.9,Developing
164,2011,75.0,Developing
165,2010,75.0,Developing
166,2009,74.6,Developing
167,2008,74.5,Developing
168,2007,74.4,Developing
169,2006,74.2,Developing
170,2005,74.1,Developing
171,2004,73.8,Developing
172,2003,73.2,Developing
173,2002,73.1,Developing
174,2001,72.9,Developing
175,2000,72.6,Developing
176,2015,76.9,Developing
177,2014,76.8,Developing
178,2013,76.7,Developing
179,2012,76.5,Developing
180,2011,76.1,Developing
181,2010,76.1,Developing
182,2009,76.0,Developing
183,2008,75.8,Developing
184,2007,75.6,Developing
185,2006,75.5,Developing
186,2005,75.3,Developing
187,2004,75.2,Developing
188,2003,75.0,Developing
189,2002,74.9,Developing
190,2001,74.7,Developing
191,2000,74.5,Developing
192,2015,71.8,Developing
193,2014,71.4,Developing
194,2013,71.0,Developing
195,2012,77.0,Developing
196,2011,73.0,Developing
197,2010,69.9,Developing
198,2009,69.5,Developing
199,2008,69.1,Developing
200,2007,68.6,Developing
201,2006,68.2,Developing
202,2005,67.8,Developing
203,2004,67.3,Developing
204,2003,66.8,Developing
205,2002,66.3,Developing
206,2001,65.8,Developing
207,2000,65.3,Developing
208,2015,75.5,Developing
209,2014,75.4,Developing
210,2013,75.2,Developing
211,2012,75.1,Developing
212,2011,74.9,Developing
213,2010,74.7,Developing
214,2009,74.6,Developing
215,2008,74.4,Developing
216,2007,74.2,Developing
217,2006,74.1,Developing
218,2005,73.9,Developing
219,2004,73.8,Developing
220,2003,73.7,Developing
221,2002,73.5,Developing
222,2001,73.4,Developing
223,2000,73.3,Developing
224,2015,72.3,Developing
225,2014,72.0,Developing
226,2013,71.7,Developing
227,2012,71.9,Developing
228,2011,72.0,Developing
229,2010,73.0,Developing
230,2009,70.0,Developing
231,2008,70.0,Developing
232,2007,69.8,Developing
233,2006,68.9,Developing
234,2005,68.1,Developing
235,2004,68.2,Developing
236,2003,67.7,Developing
237,2002,67.2,Developing
238,2001,67.7,Developing
239,2000,68.0,Developing
240,2015,81.1,Developed
241,2014,89.0,Developed
242,2013,87.0,Developed
243,2012,83.0,Developed
244,2011,83.0,Developed
245,2010,80.0,Developed
246,2009,79.8,Developed
247,2008,79.5,Developed
248,2007,79.5,Developed
249,2006,79.4,Developed
250,2005,78.9,Developed
251,2004,78.8,Developed
252,2003,78.3,Developed
253,2002,78.0,Developed
254,2001,78.0,Developed
255,2000,77.6,Developed
256,2015,71.0,Developing
257,2014,70.0,Developing
258,2013,69.8,Developing
259,2012,69.4,Developing
260,2011,69.4,Developing
261,2010,69.5,Developing
262,2009,69.5,Developing
263,2008,69.6,Developing
264,2007,69.6,Developing
265,2006,69.4,Developing
266,2005,69.0,Developing
267,2004,68.7,Developing
268,2003,68.4,Developing
269,2002,68.5,Developing
270,2001,68.2,Developing
271,2000,68.3,Developing
272,2015,60.0,Developing
273,2014,59.7,Developing
274,2013,59.5,Developing
275,2012,59.3,Developing
276,2011,59.1,Developing
277,2010,58.7,Developing
278,2009,58.4,Developing
279,2008,57.6,Developing
280,2007,57.1,Developing
281,2006,56.8,Developing
282,2005,56.5,Developing
283,2004,56.1,Developing
284,2003,55.8,Developing
285,2002,55.6,Developing
286,2001,55.5,Developing
287,2000,55.4,Developing
288,2015,69.8,Developing
289,2014,69.4,Developing
290,2013,69.1,Developing
291,2012,68.7,Developing
292,2011,68.3,Developing
293,2010,67.9,Developing
294,2009,67.4,Developing
295,2008,67.0,Developing
296,2007,66.5,Developing
297,2006,65.8,Developing
298,2005,65.0,Developing
299,2004,64.2,Developing
300,2003,63.3,Developing
301,2002,62.5,Developing
302,2001,61.7,Developing
303,2000,62.0,Developing
304,2015,77.0,Developing
305,2014,74.0,Developing
306,2013,71.0,Developing
307,2012,69.8,Developing
308,2011,69.3,Developing
309,2010,68.7,Developing
310,2009,68.0,Developing
311,2008,67.4,Developing
312,2007,66.8,Developing
313,2006,66.2,Developing
314,2005,65.7,Developing
315,2004,65.1,Developing
316,2003,64.5,Developing
317,2002,63.9,Developing
318,2001,63.3,Developing
319,2000,62.6,Developing
320,2015,77.4,Developing
321,2014,77.2,Developing
322,2013,77.0,Developing
323,2012,76.8,Developing
324,2011,76.9,Developing
325,2010,76.4,Developing
326,2009,76.1,Developing
327,2008,76.0,Developing
328,2007,75.4,Developing
329,2006,75.7,Developing
330,2005,75.0,Developing
331,2004,75.5,Developing
332,2003,75.2,Developing
333,2002,75.4,Developing
334,2001,74.9,Developing
335,2000,74.6,Developing
336,2015,65.7,Developing
337,2014,65.1,Developing
338,2013,64.2,Developing
339,2012,63.4,Developing
340,2011,62.2,Developing
341,2010,61.1,Developing
342,2009,59.2,Developing
343,2008,57.5,Developing
344,2007,56.9,Developing
345,2006,54.8,Developing
346,2005,51.7,Developing
347,2004,48.1,Developing
348,2003,46.4,Developing
349,2002,46.0,Developing
350,2001,46.7,Developing
351,2000,47.8,Developing
352,2015,75.0,Developing
353,2014,74.8,Developing
354,2013,74.7,Developing
355,2012,74.5,Developing
356,2011,74.1,Developing
357,2010,73.8,Developing
358,2009,73.6,Developing
359,2008,73.4,Developing
360,2007,73.3,Developing
361,2006,73.0,Developing
362,2005,72.7,Developing
363,2004,72.0,Developing
364,2003,71.8,Developing
365,2002,71.4,Developing
366,2001,71.0,Developing
367,2000,75.0,Developing
368,2015,77.7,Developing
369,2014,77.6,Developing
370,2013,77.1,Developing
371,2012,78.3,Developing
372,2011,77.4,Developing
373,2010,76.9,Developing
374,2009,76.8,Developing
375,2008,77.2,Developing
376,2007,76.0,Developing
377,2006,76.3,Developing
378,2005,76.2,Developing
379,2004,76.4,Developing
380,2003,76.0,Developing
381,2002,74.8,Developing
382,2001,74.7,Developing
383,2000,74.4,Developing
384,2015,74.5,Developed
385,2014,74.3,Developed
386,2013,74.1,Developed
387,2012,73.9,Developed
388,2011,73.7,Developed
389,2010,73.4,Developed
390,2009,73.2,Developed
391,2008,72.9,Developed
392,2007,72.6,Developed
393,2006,72.2,Developed
394,2005,72.1,Developed
395,2004,72.2,Developed
396,2003,72.0,Developed
397,2002,71.8,Developed
398,2001,71.6,Developed
399,2000,71.1,Developed
400,2015,59.9,Developing
401,2014,59.3,Developing
402,2013,59.0,Developing
403,2012,58.6,Developing
404,2011,58.1,Developing
405,2010,57.5,Developing
406,2009,56.9,Developing
407,2008,56.1,Developing
408,2007,55.3,Developing
409,2006,54.3,Developing
410,2005,53.3,Developing
411,2004,52.4,Developing
412,2003,51.6,Developing
413,2002,51.0,Developing
414,2001,56.0,Developing
415,2000,51.0,Developing
416,2015,59.6,Developing
417,2014,59.1,Developing
418,2013,58.6,Developing
419,2012,58.0,Developing
420,2011,57.4,Developing
421,2010,56.8,Developing
422,2009,56.2,Developing
423,2008,55.3,Developing
424,2007,54.8,Developing
425,2006,54.1,Developing
426,2005,53.4,Developing
427,2004,52.6,Developing
428,2003,51.9,Developing
429,2002,51.5,Developing
430,2001,51.3,Developing
431,2000,58.0,Developing
432,2015,53.3,Developing
433,2014,52.8,Developing
434,2013,52.3,Developing
435,2012,52.0,Developing
436,2011,51.7,Developing
437,2010,51.5,Developing
438,2009,51.0,Developing
439,2008,54.0,Developing
440,2007,49.9,Developing
441,2006,49.4,Developing
442,2005,48.7,Developing
443,2004,48.2,Developing
444,2003,48.0,Developing
445,2002,47.7,Developing
446,2001,47.8,Developing
447,2000,47.9,Developing
448,2015,73.3,Developing
449,2014,73.0,Developing
450,2013,72.8,Developing
451,2012,72.7,Developing
452,2011,72.6,Developing
453,2010,72.5,Developing
454,2009,72.4,Developing
455,2008,72.4,Developing
456,2007,72.3,Developing
457,2006,72.1,Developing
458,2005,71.8,Developing
459,2004,71.4,Developing
460,2003,71.1,Developing
461,2002,77.0,Developing
462,2001,73.0,Developing
463,2000,69.9,Developing
464,2015,68.7,Developing
465,2014,68.3,Developing
466,2013,67.8,Developing
467,2012,67.4,Developing
468,2011,67.0,Developing
469,2010,66.6,Developing
470,2009,66.1,Developing
471,2008,65.6,Developing
472,2007,65.0,Developing
473,2006,64.1,Developing
474,2005,62.9,Developing
475,2004,61.5,Developing
476,2003,63.0,Developing
477,2002,59.3,Developing
478,2001,58.5,Developing
479,2000,57.7,Developing
480,2015,57.3,Developing
481,2014,56.7,Developing
482,2013,56.4,Developing
483,2012,55.9,Developing
484,2011,55.6,Developing
485,2010,55.3,Developing
486,2009,54.8,Developing
487,2008,54.2,Developing
488,2007,53.6,Developing
489,2006,53.3,Developing
490,2005,52.8,Developing
491,2004,52.1,Developing
492,2003,51.8,Developing
493,2002,51.6,Developing
494,2001,51.5,Developing
495,2000,51.4,Developing
496,2015,82.2,Developing
497,2014,82.0,Developing
498,2013,81.8,Developing
499,2012,81.6,Developing
500,2011,81.5,Developing
501,2010,81.2,Developing
502,2009,81.0,Developing
503,2008,87.0,Developing
504,2007,85.0,Developing
505,2006,85.0,Developing
506,2005,81.0,Developing
507,2004,80.0,Developing
508,2003,79.7,Developing
509,2002,79.5,Developing
510,2001,79.4,Developing
511,2000,79.1,Developing
512,2015,52.5,Developing
513,2014,58.0,Developing
514,2013,49.9,Developing
515,2012,53.0,Developing
516,2011,49.8,Developing
517,2010,49.2,Developing
518,2009,48.6,Developing
519,2008,47.6,Developing
520,2007,46.8,Developing
521,2006,46.3,Developing
522,2005,45.9,Developing
523,2004,45.7,Developing
524,2003,45.7,Developing
525,2002,45.6,Developing
526,2001,45.6,Developing
527,2000,46.0,Developing
528,2015,53.1,Developing
529,2014,52.6,Developing
530,2013,52.2,Developing
531,2012,51.8,Developing
532,2011,51.6,Developing
533,2010,51.2,Developing
534,2009,57.0,Developing
535,2008,49.6,Developing
536,2007,49.4,Developing
537,2006,48.5,Developing
538,2005,48.6,Developing
539,2004,48.5,Developing
540,2003,48.4,Developing
541,2002,48.1,Developing
542,2001,48.0,Developing
543,2000,47.6,Developing
544,2015,85.0,Developing
545,2014,83.0,Developing
546,2013,81.0,Developing
547,2012,79.9,Developing
548,2011,79.8,Developing
549,2010,79.1,Developing
550,2009,79.3,Developing
551,2008,79.6,Developing
552,2007,78.9,Developing
553,2006,78.9,Developing
554,2005,78.4,Developing
555,2004,78.0,Developing
556,2003,77.9,Developing
557,2002,77.8,Developing
558,2001,77.3,Developing
559,2000,77.3,Developing
560,2015,76.1,Developing
561,2014,75.8,Developing
562,2013,75.6,Developing
563,2012,75.4,Developing
564,2011,75.2,Developing
565,2010,75.0,Developing
566,2009,74.9,Developing
567,2008,74.5,Developing
568,2007,74.4,Developing
569,2006,74.2,Developing
570,2005,73.9,Developing
571,2004,73.5,Developing
572,2003,73.1,Developing
573,2002,72.7,Developing
574,2001,72.2,Developing
575,2000,71.7,Developing
576,2015,74.8,Developing
577,2014,74.6,Developing
578,2013,74.4,Developing
579,2012,74.3,Developing
580,2011,74.2,Developing
581,2010,73.6,Developing
582,2009,73.6,Developing
583,2008,73.5,Developing
584,2007,73.5,Developing
585,2006,73.1,Developing
586,2005,73.1,Developing
587,2004,72.8,Developing
588,2003,72.4,Developing
589,2002,71.8,Developing
590,2001,71.5,Developing
591,2000,71.4,Developing
592,2015,63.5,Developing
593,2014,63.2,Developing
594,2013,62.9,Developing
595,2012,62.5,Developing
596,2011,62.2,Developing
597,2010,61.8,Developing
598,2009,61.3,Developing
599,2008,61.0,Developing
600,2007,66.0,Developing
601,2006,63.0,Developing
602,2005,60.0,Developing
603,2004,59.8,Developing
604,2003,59.6,Developing
605,2002,59.5,Developing
606,2001,59.5,Developing
607,2000,59.5,Developing
608,2015,64.7,Developing
609,2014,64.2,Developing
610,2013,63.9,Developing
611,2012,63.7,Developing
612,2011,62.9,Developing
613,2010,62.0,Developing
614,2009,68.0,Developing
615,2008,59.4,Developing
616,2007,58.2,Developing
617,2006,56.9,Developing
618,2005,55.3,Developing
619,2004,54.1,Developing
620,2003,53.2,Developing
621,2002,52.6,Developing
622,2001,52.7,Developing
623,2000,52.9,Developing
624,2013,69.22493169398908,Developing
625,2015,79.6,Developing
626,2014,79.5,Developing
627,2013,79.4,Developing
628,2012,79.2,Developing
629,2011,79.0,Developing
630,2010,78.1,Developing
631,2009,79.2,Developing
632,2008,78.9,Developing
633,2007,78.9,Developing
634,2006,78.0,Developing
635,2005,78.6,Developing
636,2004,77.7,Developing
637,2003,78.0,Developing
638,2002,78.3,Developing
639,2001,77.5,Developing
640,2000,77.6,Developing
641,2015,78.0,Developed
642,2014,77.8,Developed
643,2013,77.7,Developed
644,2012,77.1,Developed
645,2011,77.0,Developed
646,2010,76.6,Developed
647,2009,76.3,Developed
648,2008,76.0,Developed
649,2007,75.8,Developed
650,2006,75.9,Developed
651,2005,75.2,Developed
652,2004,75.4,Developed
653,2003,74.7,Developed
654,2002,74.8,Developed
655,2001,74.9,Developed
656,2000,74.7,Developed
657,2015,79.1,Developing
658,2014,79.0,Developing
659,2013,78.7,Developing
660,2012,78.7,Developing
661,2011,78.8,Developing
662,2010,78.0,Developing
663,2009,78.1,Developing
664,2008,77.9,Developing
665,2007,78.1,Developing
666,2006,78.0,Developing
667,2005,77.2,Developing
668,2004,77.3,Developing
669,2003,77.4,Developing
670,2002,77.7,Developing
671,2001,76.7,Developing
672,2000,76.9,Developing
673,2015,85.0,Developed
674,2014,83.0,Developed
675,2013,81.0,Developed
676,2012,80.0,Developed
677,2011,79.7,Developed
678,2010,79.5,Developed
679,2009,79.3,Developed
680,2008,79.1,Developed
681,2007,78.9,Developed
682,2006,78.8,Developed
683,2005,78.7,Developed
684,2004,78.6,Developed
685,2003,78.5,Developed
686,2002,78.4,Developed
687,2001,78.2,Developed
688,2000,78.1,Developed
689,2015,78.8,Developed
690,2014,78.6,Developed
691,2013,78.2,Developed
692,2012,78.0,Developed
693,2011,77.8,Developed
694,2010,77.5,Developed
695,2009,77.1,Developed
696,2008,77.0,Developed
697,2007,76.8,Developed
698,2006,76.5,Developed
699,2005,75.9,Developed
700,2004,75.8,Developed
701,2003,75.2,Developed
702,2002,75.3,Developed
703,2001,75.1,Developed
704,2000,74.7,Developed
705,2015,76.0,Developing
706,2014,73.0,Developing
707,2013,71.0,Developing
708,2012,69.8,Developing
709,2011,69.4,Developing
710,2010,69.0,Developing
711,2009,68.7,Developing
712,2008,68.6,Developing
713,2007,68.5,Developing
714,2006,68.5,Developing
715,2005,68.5,Developing
716,2004,68.4,Developing
717,2003,68.1,Developing
718,2002,67.6,Developing
719,2001,66.6,Developing
720,2000,65.4,Developing
721,2015,59.8,Developing
722,2014,59.3,Developing
723,2013,58.8,Developing
724,2012,58.3,Developing
725,2011,57.9,Developing
726,2010,57.4,Developing
727,2009,56.7,Developing
728,2008,56.3,Developing
729,2007,55.7,Developing
730,2006,55.0,Developing
731,2005,54.3,Developing
732,2004,53.5,Developing
733,2003,52.8,Developing
734,2002,52.1,Developing
735,2001,51.8,Developing
736,2000,51.3,Developing
737,2015,86.0,Developed
738,2014,84.0,Developed
739,2013,81.0,Developed
740,2012,80.0,Developed
741,2011,79.7,Developed
742,2010,79.2,Developed
743,2009,78.9,Developed
744,2008,78.8,Developed
745,2007,78.4,Developed
746,2006,78.1,Developed
747,2005,78.1,Developed
748,2004,77.7,Developed
749,2003,77.3,Developed
750,2002,77.0,Developed
751,2001,77.0,Developed
752,2000,76.9,Developed
753,2015,63.5,Developing
754,2014,63.0,Developing
755,2013,62.7,Developing
756,2012,62.2,Developing
757,2011,61.8,Developing
758,2010,61.3,Developing
759,2009,69.0,Developing
760,2008,62.0,Developing
761,2007,59.8,Developing
762,2006,59.1,Developing
763,2005,58.6,Developing
764,2004,58.1,Developing
765,2003,58.0,Developing
766,2002,57.9,Developing
767,2001,57.7,Developing
768,2000,57.4,Developing
769,2013,69.22493169398908,Developing
770,2015,73.9,Developing
771,2014,73.6,Developing
772,2013,73.4,Developing
773,2012,72.1,Developing
774,2011,73.1,Developing
775,2010,72.7,Developing
776,2009,73.6,Developing
777,2008,73.3,Developing
778,2007,72.9,Developing
779,2006,72.3,Developing
780,2005,69.7,Developing
781,2004,69.3,Developing
782,2003,73.0,Developing
783,2002,71.4,Developing
784,2001,71.2,Developing
785,2000,72.0,Developing
786,2015,76.2,Developing
787,2014,76.0,Developing
788,2013,76.0,Developing
789,2012,75.5,Developing
790,2011,75.3,Developing
791,2010,75.0,Developing
792,2009,75.1,Developing
793,2008,74.6,Developing
794,2007,74.7,Developing
795,2006,74.4,Developing
796,2005,74.2,Developing
797,2004,74.4,Developing
798,2003,74.4,Developing
799,2002,73.6,Developing
800,2001,73.4,Developing
801,2000,72.8,Developing
802,2015,79.0,Developing
803,2014,78.0,Developing
804,2013,79.0,Developing
805,2012,72.0,Developing
806,2011,74.0,Developing
807,2010,70.0,Developing
808,2009,69.9,Developing
809,2008,69.8,Developing
810,2007,69.7,Developing
811,2006,69.5,Developing
812,2005,69.4,Developing
813,2004,69.0,Developing
814,2003,68.6,Developing
815,2002,68.7,Developing
816,2001,68.6,Developing
817,2000,68.8,Developing
818,2015,73.5,Developing
819,2014,73.3,Developing
820,2013,73.0,Developing
821,2012,73.0,Developing
822,2011,72.0,Developing
823,2010,72.0,Developing
824,2009,71.4,Developing
825,2008,71.7,Developing
826,2007,71.2,Developing
827,2006,75.0,Developing
828,2005,71.0,Developing
829,2004,70.0,Developing
830,2003,69.9,Developing
831,2002,73.0,Developing
832,2001,68.9,Developing
833,2000,69.0,Developing
834,2015,58.2,Developing
835,2014,57.9,Developing
836,2013,57.4,Developing
837,2012,56.7,Developing
838,2011,56.2,Developing
839,2010,56.1,Developing
840,2009,55.7,Developing
841,2008,55.4,Developing
842,2007,55.0,Developing
843,2006,54.8,Developing
844,2005,54.4,Developing
845,2004,54.1,Developing
846,2003,53.8,Developing
847,2002,53.5,Developing
848,2001,53.1,Developing
849,2000,52.7,Developing
850,2015,64.7,Developing
851,2014,64.4,Developing
852,2013,64.0,Developing
853,2012,63.6,Developing
854,2011,62.9,Developing
855,2010,62.1,Developing
856,2009,61.4,Developing
857,2008,67.0,Developing
858,2007,62.0,Developing
859,2006,59.7,Developing
860,2005,59.4,Developing
861,2004,59.1,Developing
862,2003,58.8,Developing
863,2002,58.5,Developing
864,2001,58.1,Developing
865,2000,45.3,Developing
866,2015,77.6,Developing
867,2014,77.3,Developing
868,2013,76.9,Developing
869,2012,76.3,Developing
870,2011,76.1,Developing
871,2010,75.6,Developing
872,2009,74.9,Developing
873,2008,74.2,Developing
874,2007,73.0,Developing
875,2006,73.0,Developing
876,2005,72.8,Developing
877,2004,72.3,Developing
878,2003,71.9,Developing
879,2002,71.2,Developing
880,2001,78.0,Developing
881,2000,78.0,Developing
882,2015,64.8,Developing
883,2014,64.2,Developing
884,2013,63.7,Developing
885,2012,63.3,Developing
886,2011,62.6,Developing
887,2010,61.8,Developing
888,2009,68.0,Developing
889,2008,59.8,Developing
890,2007,58.5,Developing
891,2006,57.2,Developing
892,2005,56.0,Developing
893,2004,55.0,Developing
894,2003,54.0,Developing
895,2002,53.2,Developing
896,2001,52.5,Developing
897,2000,51.2,Developing
898,2015,69.9,Developing
899,2014,69.7,Developing
900,2013,69.6,Developing
901,2012,69.4,Developing
902,2011,69.2,Developing
903,2010,69.1,Developing
904,2009,68.9,Developing
905,2008,68.7,Developing
906,2007,68.6,Developing
907,2006,68.5,Developing
908,2005,68.3,Developing
909,2004,68.1,Developing
910,2003,68.0,Developing
911,2002,67.9,Developing
912,2001,67.8,Developing
913,2000,67.7,Developing
914,2015,81.1,Developing
915,2014,89.0,Developing
916,2013,87.0,Developing
917,2012,84.0,Developing
918,2011,83.0,Developing
919,2010,79.9,Developing
920,2009,79.7,Developing
921,2008,79.6,Developing
922,2007,79.3,Developing
923,2006,79.2,Developing
924,2005,78.9,Developing
925,2004,78.7,Developing
926,2003,78.4,Developing
927,2002,78.1,Developing
928,2001,78.0,Developing
929,2000,77.5,Developing
930,2015,82.4,Developing
931,2014,82.2,Developing
932,2013,82.0,Developing
933,2012,81.5,Developing
934,2011,81.7,Developing
935,2010,81.3,Developing
936,2009,81.1,Developing
937,2008,89.0,Developing
938,2007,89.0,Developing
939,2006,86.0,Developing
940,2005,81.0,Developing
941,2004,82.0,Developing
942,2003,79.3,Developing
943,2002,79.2,Developing
944,2001,79.0,Developing
945,2000,78.8,Developing
946,2015,66.0,Developing
947,2014,65.5,Developing
948,2013,64.6,Developing
949,2012,63.5,Developing
950,2011,62.8,Developing
951,2010,62.3,Developing
952,2009,61.7,Developing
953,2008,61.6,Developing
954,2007,61.6,Developing
955,2006,61.4,Developing
956,2005,65.0,Developing
957,2004,59.7,Developing
958,2003,59.7,Developing
959,2002,59.7,Developing
960,2001,59.8,Developing
961,2000,61.0,Developing
962,2015,61.1,Developing
963,2014,68.0,Developing
964,2013,66.0,Developing
965,2012,62.0,Developing
966,2011,59.8,Developing
967,2010,59.3,Developing
968,2009,59.0,Developing
969,2008,58.7,Developing
970,2007,58.5,Developing
971,2006,58.2,Developing
972,2005,57.7,Developing
973,2004,57.3,Developing
974,2003,57.0,Developing
975,2002,56.6,Developing
976,2001,56.3,Developing
977,2000,55.9,Developing
978,2015,74.4,Developing
979,2014,74.5,Developing
980,2013,74.5,Developing
981,2012,74.2,Developing
982,2011,73.9,Developing
983,2010,73.8,Developing
984,2009,73.2,Developing
985,2008,73.9,Developing
986,2007,74.4,Developing
987,2006,73.9,Developing
988,2005,73.9,Developing
989,2004,72.3,Developing
990,2003,72.7,Developing
991,2002,71.7,Developing
992,2001,73.0,Developing
993,2000,71.8,Developing
994,2015,81.0,Developed
995,2014,89.0,Developed
996,2013,86.0,Developed
997,2012,86.0,Developed
998,2011,85.0,Developed
999,2010,81.0,Developed
1000,2009,80.0,Developed
1001,2008,79.9,Developed
1002,2007,79.8,Developed
1003,2006,79.6,Developed
1004,2005,79.2,Developed
1005,2004,79.1,Developed
1006,2003,78.5,Developed
1007,2002,78.4,Developed
1008,2001,78.3,Developed
1009,2000,78.0,Developed
1010,2015,62.4,Developing
1011,2014,62.1,Developing
1012,2013,61.9,Developing
1013,2012,61.6,Developing
1014,2011,61.2,Developing
1015,2010,69.0,Developing
1016,2009,66.0,Developing
1017,2008,63.0,Developing
1018,2007,59.9,Developing
1019,2006,59.4,Developing
1020,2005,58.9,Developing
1021,2004,58.3,Developing
1022,2003,57.9,Developing
1023,2002,57.6,Developing
1024,2001,57.4,Developing
1025,2000,57.2,Developing
1026,2015,81.0,Developing
1027,2014,88.0,Developing
1028,2013,86.0,Developing
1029,2012,84.0,Developing
1030,2011,85.0,Developing
1031,2010,83.0,Developing
1032,2009,80.0,Developing
1033,2008,79.9,Developing
1034,2007,79.4,Developing
1035,2006,79.7,Developing
1036,2005,79.3,Developing
1037,2004,79.2,Developing
1038,2003,79.1,Developing
1039,2002,79.0,Developing
1040,2001,78.7,Developing
1041,2000,78.2,Developing
1042,2015,73.6,Developing
1043,2014,73.5,Developing
1044,2013,73.3,Developing
1045,2012,73.1,Developing
1046,2011,72.9,Developing
1047,2010,72.6,Developing
1048,2009,72.4,Developing
1049,2008,72.1,Developing
1050,2007,71.9,Developing
1051,2006,71.7,Developing
1052,2005,71.5,Developing
1053,2004,73.0,Developing
1054,2003,71.1,Developing
1055,2002,79.0,Developing
1056,2001,77.0,Developing
1057,2000,74.0,Developing
1058,2015,71.9,Developing
1059,2014,71.7,Developing
1060,2013,71.4,Developing
1061,2012,71.3,Developing
1062,2011,71.1,Developing
1063,2010,77.0,Developing
1064,2009,76.0,Developing
1065,2008,79.0,Developing
1066,2007,75.0,Developing
1067,2006,69.7,Developing
1068,2005,69.2,Developing
1069,2004,69.6,Developing
1070,2003,69.4,Developing
1071,2002,69.3,Developing
1072,2001,68.4,Developing
1073,2000,67.7,Developing
1074,2015,59.0,Developing
1075,2014,58.1,Developing
1076,2013,58.8,Developing
1077,2012,58.4,Developing
1078,2011,58.1,Developing
1079,2010,57.8,Developing
1080,2009,57.3,Developing
1081,2008,56.8,Developing
1082,2007,56.4,Developing
1083,2006,55.6,Developing
1084,2005,54.7,Developing
1085,2004,54.0,Developing
1086,2003,53.3,Developing
1087,2002,52.9,Developing
1088,2001,52.5,Developing
1089,2000,52.5,Developing
1090,2015,58.9,Developing
1091,2014,58.4,Developing
1092,2013,58.1,Developing
1093,2012,57.6,Developing
1094,2011,57.1,Developing
1095,2010,56.7,Developing
1096,2009,56.3,Developing
1097,2008,55.6,Developing
1098,2007,55.0,Developing
1099,2006,54.4,Developing
1100,2005,53.9,Developing
1101,2004,53.5,Developing
1102,2003,53.0,Developing
1103,2002,52.8,Developing
1104,2001,52.5,Developing
1105,2000,52.1,Developing
1106,2015,66.2,Developing
1107,2014,66.0,Developing
1108,2013,65.9,Developing
1109,2012,65.8,Developing
1110,2011,65.6,Developing
1111,2010,65.9,Developing
1112,2009,66.1,Developing
1113,2008,66.3,Developing
1114,2007,65.7,Developing
1115,2006,65.2,Developing
1116,2005,65.0,Developing
1117,2004,65.1,Developing
1118,2003,65.3,Developing
1119,2002,65.3,Developing
1120,2001,65.4,Developing
1121,2000,65.4,Developing
1122,2015,63.5,Developing
1123,2014,63.1,Developing
1124,2013,62.7,Developing
1125,2012,62.3,Developing
1126,2011,62.3,Developing
1127,2010,36.3,Developing
1128,2009,62.5,Developing
1129,2008,62.1,Developing
1130,2007,61.8,Developing
1131,2006,61.1,Developing
1132,2005,65.0,Developing
1133,2004,58.7,Developing
1134,2003,59.7,Developing
1135,2002,59.3,Developing
1136,2001,58.9,Developing
1137,2000,58.6,Developing
1138,2015,74.6,Developing
1139,2014,74.5,Developing
1140,2013,74.3,Developing
1141,2012,74.1,Developing
1142,2011,73.9,Developing
1143,2010,73.6,Developing
1144,2009,73.4,Developing
1145,2008,73.2,Developing
1146,2007,73.0,Developing
1147,2006,72.8,Developing
1148,2005,72.5,Developing
1149,2004,72.2,Developing
1150,2003,71.9,Developing
1151,2002,71.6,Developing
1152,2001,71.3,Developing
1153,2000,71.0,Developing
1154,2015,75.8,Developed
1155,2014,75.6,Developed
1156,2013,75.5,Developed
1157,2012,75.0,Developed
1158,2011,74.8,Developed
1159,2010,74.5,Developed
1160,2009,74.2,Developed
1161,2008,74.1,Developed
1162,2007,73.5,Developed
1163,2006,73.4,Developed
1164,2005,72.9,Developed
1165,2004,72.9,Developed
1166,2003,72.5,Developed
1167,2002,72.5,Developed
1168,2001,72.3,Developed
1169,2000,71.7,Developed
1170,2015,82.7,Developed
1171,2014,82.5,Developed
1172,2013,82.4,Developed
1173,2012,82.5,Developed
1174,2011,82.1,Developed
1175,2010,81.8,Developed
1176,2009,81.6,Developed
1177,2008,81.4,Developed
1178,2007,81.3,Developed
1179,2006,81.1,Developed
1180,2005,81.0,Developed
1181,2004,88.0,Developed
1182,2003,87.0,Developed
1183,2002,84.0,Developed
1184,2001,80.0,Developed
1185,2000,79.7,Developed
1186,2015,68.3,Developing
1187,2014,68.0,Developing
1188,2013,67.6,Developing
1189,2012,67.3,Developing
1190,2011,66.8,Developing
1191,2010,66.4,Developing
1192,2009,66.0,Developing
1193,2008,65.5,Developing
1194,2007,65.2,Developing
1195,2006,64.8,Developing
1196,2005,64.4,Developing
1197,2004,64.0,Developing
1198,2003,63.7,Developing
1199,2002,63.3,Developing
1200,2001,62.9,Developing
1201,2000,62.5,Developing
1202,2015,69.1,Developing
1203,2014,68.9,Developing
1204,2013,68.7,Developing
1205,2012,68.5,Developing
1206,2011,68.3,Developing
1207,2010,68.1,Developing
1208,2009,67.9,Developing
1209,2008,67.7,Developing
1210,2007,67.5,Developing
1211,2006,67.3,Developing
1212,2005,67.2,Developing
1213,2004,65.3,Developing
1214,2003,66.9,Developing
1215,2002,66.7,Developing
1216,2001,66.5,Developing
1217,2000,66.3,Developing
1218,2015,75.5,Developing
1219,2014,75.4,Developing
1220,2013,75.3,Developing
1221,2012,75.1,Developing
1222,2011,74.7,Developing
1223,2010,74.1,Developing
1224,2009,73.3,Developing
1225,2008,72.7,Developing
1226,2007,72.4,Developing
1227,2006,72.2,Developing
1228,2005,72.0,Developing
1229,2004,71.8,Developing
1230,2003,75.0,Developing
1231,2002,71.2,Developing
1232,2001,78.0,Developing
1233,2000,73.0,Developing
1234,2015,68.9,Developing
1235,2014,67.9,Developing
1236,2013,69.5,Developing
1237,2012,76.0,Developing
1238,2011,77.0,Developing
1239,2010,76.0,Developing
1240,2009,74.0,Developing
1241,2008,69.3,Developing
1242,2007,65.9,Developing
1243,2006,64.7,Developing
1244,2005,66.8,Developing
1245,2004,67.2,Developing
1246,2003,66.5,Developing
1247,2002,74.0,Developing
1248,2001,72.0,Developing
1249,2000,70.0,Developing
1250,2015,81.4,Developed
1251,2014,81.2,Developed
1252,2013,81.0,Developed
1253,2012,85.0,Developed
1254,2011,84.0,Developed
1255,2010,86.0,Developed
1256,2009,79.7,Developed
1257,2008,79.8,Developed
1258,2007,79.5,Developed
1259,2006,79.0,Developed
1260,2005,78.7,Developed
1261,2004,78.3,Developed
1262,2003,78.0,Developed
1263,2002,77.4,Developed
1264,2001,77.0,Developed
1265,2000,76.4,Developed
1266,2015,82.5,Developing
1267,2014,82.2,Developing
1268,2013,82.1,Developing
1269,2012,81.8,Developing
1270,2011,81.8,Developing
1271,2010,81.7,Developing
1272,2009,81.5,Developing
1273,2008,81.0,Developing
1274,2007,84.0,Developing
1275,2006,84.0,Developing
1276,2005,80.0,Developing
1277,2004,81.0,Developing
1278,2003,79.7,Developing
1279,2002,79.3,Developing
1280,2001,79.3,Developing
1281,2000,78.9,Developing
1282,2015,82.7,Developed
1283,2014,82.5,Developed
1284,2013,82.3,Developed
1285,2012,82.0,Developed
1286,2011,82.0,Developed
1287,2010,81.8,Developed
1288,2009,81.6,Developed
1289,2008,81.5,Developed
1290,2007,81.3,Developed
1291,2006,81.2,Developed
1292,2005,88.0,Developed
1293,2004,89.0,Developed
1294,2003,79.9,Developed
1295,2002,80.0,Developed
1296,2001,79.8,Developed
1297,2000,79.4,Developed
1298,2015,76.2,Developing
1299,2014,75.8,Developing
1300,2013,75.6,Developing
1301,2012,75.3,Developing
1302,2011,75.2,Developing
1303,2010,75.0,Developing
1304,2009,74.7,Developing
1305,2008,74.5,Developing
1306,2007,74.2,Developing
1307,2006,74.0,Developing
1308,2005,73.5,Developing
1309,2004,73.3,Developing
1310,2003,73.1,Developing
1311,2002,73.0,Developing
1312,2001,72.7,Developing
1313,2000,72.6,Developing
1314,2015,83.7,Developed
1315,2014,83.5,Developed
1316,2013,83.5,Developed
1317,2012,83.3,Developed
1318,2011,82.5,Developed
1319,2010,83.0,Developed
1320,2009,83.0,Developed
1321,2008,82.7,Developed
1322,2007,82.6,Developed
1323,2006,82.4,Developed
1324,2005,82.0,Developed
1325,2004,82.1,Developed
1326,2003,81.9,Developed
1327,2002,81.8,Developed
1328,2001,81.5,Developed
1329,2000,81.1,Developed
1330,2015,74.1,Developing
1331,2014,74.0,Developing
1332,2013,73.9,Developing
1333,2012,73.7,Developing
1334,2011,73.6,Developing
1335,2010,73.4,Developing
1336,2009,73.3,Developing
1337,2008,73.1,Developing
1338,2007,73.0,Developing
1339,2006,72.8,Developing
1340,2005,72.4,Developing
1341,2004,72.5,Developing
1342,2003,72.3,Developing
1343,2002,72.1,Developing
1344,2001,71.9,Developing
1345,2000,71.7,Developing
1346,2015,72.0,Developing
1347,2014,69.9,Developing
1348,2013,69.5,Developing
1349,2012,69.1,Developing
1350,2011,68.5,Developing
1351,2010,67.8,Developing
1352,2009,67.8,Developing
1353,2008,66.6,Developing
1354,2007,65.3,Developing
1355,2006,65.0,Developing
1356,2005,64.6,Developing
1357,2004,64.7,Developing
1358,2003,64.4,Developing
1359,2002,64.7,Developing
1360,2001,64.4,Developing
1361,2000,63.9,Developing
1362,2015,63.4,Developing
1363,2014,62.9,Developing
1364,2013,62.6,Developing
1365,2012,62.1,Developing
1366,2011,61.2,Developing
1367,2010,63.0,Developing
1368,2009,59.1,Developing
1369,2008,57.9,Developing
1370,2007,56.8,Developing
1371,2006,55.3,Developing
1372,2005,54.1,Developing
1373,2004,53.0,Developing
1374,2003,52.4,Developing
1375,2002,52.1,Developing
1376,2001,51.9,Developing
1377,2000,51.9,Developing
1378,2015,66.3,Developing
1379,2014,66.1,Developing
1380,2013,65.8,Developing
1381,2012,65.7,Developing
1382,2011,65.5,Developing
1383,2010,65.3,Developing
1384,2009,65.2,Developing
1385,2008,65.1,Developing
1386,2007,65.0,Developing
1387,2006,65.0,Developing
1388,2005,64.9,Developing
1389,2004,64.8,Developing
1390,2003,64.7,Developing
1391,2002,64.6,Developing
1392,2001,64.3,Developing
1393,2000,64.1,Developing
1394,2015,74.7,Developing
1395,2014,74.6,Developing
1396,2013,74.5,Developing
1397,2012,74.3,Developing
1398,2011,74.2,Developing
1399,2010,74.0,Developing
1400,2009,73.9,Developing
1401,2008,73.8,Developing
1402,2007,73.7,Developing
1403,2006,73.6,Developing
1404,2005,73.6,Developing
1405,2004,73.5,Developing
1406,2003,73.4,Developing
1407,2002,73.3,Developing
1408,2001,73.2,Developing
1409,2000,73.2,Developing
1410,2015,71.1,Developing
1411,2014,78.0,Developing
1412,2013,77.0,Developing
1413,2012,69.9,Developing
1414,2011,69.4,Developing
1415,2010,68.8,Developing
1416,2009,68.5,Developing
1417,2008,67.6,Developing
1418,2007,67.2,Developing
1419,2006,66.7,Developing
1420,2005,66.9,Developing
1421,2004,67.1,Developing
1422,2003,66.6,Developing
1423,2002,66.7,Developing
1424,2001,67.2,Developing
1425,2000,66.6,Developing
1426,2015,65.7,Developing
1427,2014,65.3,Developing
1428,2013,64.9,Developing
1429,2012,64.4,Developing
1430,2011,64.0,Developing
1431,2010,63.6,Developing
1432,2009,63.1,Developing
1433,2008,62.6,Developing
1434,2007,62.1,Developing
1435,2006,61.5,Developing
1436,2005,61.0,Developing
1437,2004,64.0,Developing
1438,2003,59.8,Developing
1439,2002,59.3,Developing
1440,2001,58.7,Developing
1441,2000,58.1,Developing
1442,2015,74.6,Developed
1443,2014,74.4,Developed
1444,2013,74.1,Developed
1445,2012,73.8,Developed
1446,2011,73.6,Developed
1447,2010,72.8,Developed
1448,2009,72.6,Developed
1449,2008,71.9,Developed
1450,2007,78.0,Developed
1451,2006,75.0,Developed
1452,2005,76.0,Developed
1453,2004,71.0,Developed
1454,2003,78.0,Developed
1455,2002,73.0,Developed
1456,2001,69.9,Developed
1457,2000,71.0,Developed
1458,2015,74.9,Developing
1459,2014,74.8,Developing
1460,2013,74.9,Developing
1461,2012,75.0,Developing
1462,2011,75.0,Developing
1463,2010,74.9,Developing
1464,2009,74.7,Developing
1465,2008,74.5,Developing
1466,2007,74.4,Developing
1467,2006,74.1,Developing
1468,2005,73.9,Developing
1469,2004,73.7,Developing
1470,2003,73.5,Developing
1471,2002,73.2,Developing
1472,2001,73.0,Developing
1473,2000,72.7,Developing
1474,2015,53.7,Developing
1475,2014,52.1,Developing
1476,2013,52.1,Developing
1477,2012,52.2,Developing
1478,2011,52.3,Developing
1479,2010,51.1,Developing
1480,2009,49.4,Developing
1481,2008,47.8,Developing
1482,2007,46.2,Developing
1483,2006,45.3,Developing
1484,2005,44.5,Developing
1485,2004,44.8,Developing
1486,2003,45.5,Developing
1487,2002,46.4,Developing
1488,2001,47.8,Developing
1489,2000,49.3,Developing
1490,2015,61.4,Developing
1491,2014,58.1,Developing
1492,2013,61.1,Developing
1493,2012,67.0,Developing
1494,2011,62.0,Developing
1495,2010,59.7,Developing
1496,2009,59.2,Developing
1497,2008,58.6,Developing
1498,2007,57.9,Developing
1499,2006,56.7,Developing
1500,2005,55.3,Developing
1501,2004,54.0,Developing
1502,2003,50.0,Developing
1503,2002,56.0,Developing
1504,2001,51.5,Developing
1505,2000,51.9,Developing
1506,2015,72.7,Developing
1507,2014,72.4,Developing
1508,2013,72.9,Developing
1509,2012,72.9,Developing
1510,2011,71.3,Developing
1511,2010,72.8,Developing
1512,2009,72.7,Developing
1513,2008,72.6,Developing
1514,2007,72.5,Developing
1515,2006,72.2,Developing
1516,2005,71.9,Developing
1517,2004,71.5,Developing
1518,2003,71.3,Developing
1519,2002,71.1,Developing
1520,2001,71.0,Developing
1521,2000,78.0,Developing
1522,2015,73.6,Developed
1523,2014,73.4,Developed
1524,2013,73.0,Developed
1525,2012,73.0,Developed
1526,2011,72.8,Developed
1527,2010,72.4,Developed
1528,2009,72.2,Developed
1529,2008,71.1,Developed
1530,2007,72.0,Developed
1531,2006,76.0,Developed
1532,2005,78.0,Developed
1533,2004,71.6,Developed
1534,2003,71.6,Developed
1535,2002,71.4,Developed
1536,2001,71.2,Developed
1537,2000,71.6,Developed
1538,2015,82.0,Developed
1539,2014,81.7,Developed
1540,2013,81.4,Developed
1541,2012,81.1,Developed
1542,2011,88.0,Developed
1543,2010,86.0,Developed
1544,2009,83.0,Developed
1545,2008,80.0,Developed
1546,2007,79.7,Developed
1547,2006,79.4,Developed
1548,2005,78.8,Developed
1549,2004,78.7,Developed
1550,2003,78.6,Developed
1551,2002,78.3,Developed
1552,2001,78.0,Developed
1553,2000,77.8,Developed
1554,2015,65.5,Developing
1555,2014,65.1,Developing
1556,2013,64.7,Developing
1557,2012,64.3,Developing
1558,2011,63.8,Developing
1559,2010,63.3,Developing
1560,2009,62.8,Developing
1561,2008,62.3,Developing
1562,2007,61.9,Developing
1563,2006,61.4,Developing
1564,2005,69.0,Developing
1565,2004,64.0,Developing
1566,2003,59.9,Developing
1567,2002,59.3,Developing
1568,2001,58.7,Developing
1569,2000,57.9,Developing
1570,2015,58.3,Developing
1571,2014,57.6,Developing
1572,2013,56.7,Developing
1573,2012,55.3,Developing
1574,2011,54.1,Developing
1575,2010,52.9,Developing
1576,2009,51.5,Developing
1577,2008,50.0,Developing
1578,2007,48.5,Developing
1579,2006,47.1,Developing
1580,2005,46.0,Developing
1581,2004,45.1,Developing
1582,2003,44.6,Developing
1583,2002,44.0,Developing
1584,2001,43.5,Developing
1585,2000,43.1,Developing
1586,2015,75.0,Developing
1587,2014,74.8,Developing
1588,2013,74.6,Developing
1589,2012,74.5,Developing
1590,2011,74.3,Developing
1591,2010,74.1,Developing
1592,2009,74.0,Developing
1593,2008,73.8,Developing
1594,2007,73.7,Developing
1595,2006,73.6,Developing
1596,2005,73.4,Developing
1597,2004,73.2,Developing
1598,2003,73.1,Developing
1599,2002,72.9,Developing
1600,2001,72.7,Developing
1601,2000,72.4,Developing
1602,2015,78.5,Developing
1603,2014,78.2,Developing
1604,2013,77.9,Developing
1605,2012,77.6,Developing
1606,2011,77.3,Developing
1607,2010,76.7,Developing
1608,2009,76.3,Developing
1609,2008,75.9,Developing
1610,2007,75.4,Developing
1611,2006,75.0,Developing
1612,2005,74.3,Developing
1613,2004,73.4,Developing
1614,2003,72.7,Developing
1615,2002,71.8,Developing
1616,2001,78.0,Developing
1617,2000,69.6,Developing
1618,2015,58.2,Developing
1619,2014,57.8,Developing
1620,2013,57.3,Developing
1621,2012,57.2,Developing
1622,2011,56.8,Developing
1623,2010,56.5,Developing
1624,2009,56.0,Developing
1625,2008,55.5,Developing
1626,2007,55.0,Developing
1627,2006,54.3,Developing
1628,2005,53.6,Developing
1629,2004,52.8,Developing
1630,2003,52.0,Developing
1631,2002,51.2,Developing
1632,2001,55.0,Developing
1633,2000,49.8,Developing
1634,2015,81.7,Developed
1635,2014,81.4,Developed
1636,2013,81.1,Developed
1637,2012,81.0,Developed
1638,2011,87.0,Developed
1639,2010,83.0,Developed
1640,2009,82.0,Developed
1641,2008,80.0,Developed
1642,2007,79.6,Developed
1643,2006,79.3,Developed
1644,2005,79.0,Developed
1645,2004,78.7,Developed
1646,2003,78.5,Developed
1647,2002,78.2,Developed
1648,2001,77.8,Developed
1649,2000,77.5,Developed
1650,2013,69.22493169398908,Developing
1651,2015,63.1,Developing
1652,2014,63.0,Developing
1653,2013,62.7,Developing
1654,2012,62.5,Developing
1655,2011,62.2,Developing
1656,2010,62.0,Developing
1657,2009,61.7,Developing
1658,2008,61.4,Developing
1659,2007,61.2,Developing
1660,2006,69.0,Developing
1661,2005,66.0,Developing
1662,2004,64.0,Developing
1663,2003,63.0,Developing
1664,2002,62.0,Developing
1665,2001,61.0,Developing
1666,2000,60.0,Developing
1667,2015,74.6,Developing
1668,2014,74.2,Developing
1669,2013,74.1,Developing
1670,2012,73.9,Developing
1671,2011,73.6,Developing
1672,2010,73.3,Developing
1673,2009,72.8,Developing
1674,2008,72.7,Developing
1675,2007,72.9,Developing
1676,2006,71.8,Developing
1677,2005,72.1,Developing
1678,2004,71.9,Developing
1679,2003,71.5,Developing
1680,2002,71.5,Developing
1681,2001,71.5,Developing
1682,2000,71.0,Developing
1683,2015,76.7,Developing
1684,2014,76.6,Developing
1685,2013,76.6,Developing
1686,2012,76.3,Developing
1687,2011,76.1,Developing
1688,2010,75.6,Developing
1689,2009,75.7,Developing
1690,2008,75.6,Developing
1691,2007,76.0,Developing
1692,2006,75.8,Developing
1693,2005,75.3,Developing
1694,2004,75.4,Developing
1695,2003,75.0,Developing
1696,2002,75.0,Developing
1697,2001,75.0,Developing
1698,2000,74.8,Developing
1699,2015,69.4,Developing
1700,2014,69.4,Developing
1701,2013,69.2,Developing
1702,2012,69.0,Developing
1703,2011,68.9,Developing
1704,2010,68.7,Developing
1705,2009,68.5,Developing
1706,2008,68.4,Developing
1707,2007,68.2,Developing
1708,2006,68.0,Developing
1709,2005,67.9,Developing
1710,2004,67.7,Developing
1711,2003,67.5,Developing
1712,2002,66.2,Developing
1713,2001,67.2,Developing
1714,2000,67.0,Developing
1715,2013,69.22493169398908,Developing
1716,2015,68.8,Developing
1717,2014,68.4,Developing
1718,2013,68.1,Developing
1719,2012,67.8,Developing
1720,2011,67.3,Developing
1721,2010,66.3,Developing
1722,2009,66.9,Developing
1723,2008,67.4,Developing
1724,2007,65.9,Developing
1725,2006,65.0,Developing
1726,2005,64.5,Developing
1727,2004,64.0,Developing
1728,2003,64.0,Developing
1729,2002,63.8,Developing
1730,2001,63.2,Developing
1731,2000,62.8,Developing
1732,2015,76.1,Developing
1733,2014,75.9,Developing
1734,2013,75.8,Developing
1735,2012,75.6,Developing
1736,2011,75.4,Developing
1737,2010,75.3,Developing
1738,2009,75.0,Developing
1739,2008,74.6,Developing
1740,2007,74.2,Developing
1741,2006,73.8,Developing
1742,2005,73.6,Developing
1743,2004,73.5,Developing
1744,2003,73.5,Developing
1745,2002,73.4,Developing
1746,2001,73.3,Developing
1747,2000,73.0,Developing
1748,2015,74.3,Developing
1749,2014,74.1,Developing
1750,2013,73.9,Developing
1751,2012,73.6,Developing
1752,2011,73.3,Developing
1753,2010,72.8,Developing
1754,2009,72.3,Developing
1755,2008,71.8,Developing
1756,2007,71.4,Developing
1757,2006,71.0,Developing
1758,2005,77.0,Developing
1759,2004,72.0,Developing
1760,2003,69.9,Developing
1761,2002,69.5,Developing
1762,2001,69.0,Developing
1763,2000,68.6,Developing
1764,2015,57.6,Developing
1765,2014,56.7,Developing
1766,2013,55.3,Developing
1767,2012,54.8,Developing
1768,2011,54.3,Developing
1769,2010,54.0,Developing
1770,2009,53.8,Developing
1771,2008,53.2,Developing
1772,2007,52.1,Developing
1773,2006,51.2,Developing
1774,2005,58.0,Developing
1775,2004,54.0,Developing
1776,2003,51.0,Developing
1777,2002,49.8,Developing
1778,2001,49.5,Developing
1779,2000,49.0,Developing
1780,2015,66.6,Developing
1781,2014,66.4,Developing
1782,2013,66.2,Developing
1783,2012,65.9,Developing
1784,2011,65.6,Developing
1785,2010,65.4,Developing
1786,2009,65.2,Developing
1787,2008,59.2,Developing
1788,2007,64.5,Developing
1789,2006,64.2,Developing
1790,2005,63.9,Developing
1791,2004,63.5,Developing
1792,2003,63.2,Developing
1793,2002,62.8,Developing
1794,2001,62.5,Developing
1795,2000,62.1,Developing
1796,2015,65.8,Developing
1797,2014,65.9,Developing
1798,2013,66.1,Developing
1799,2012,65.8,Developing
1800,2011,64.3,Developing
1801,2010,63.0,Developing
1802,2009,62.4,Developing
1803,2008,61.7,Developing
1804,2007,60.0,Developing
1805,2006,57.0,Developing
1806,2005,55.1,Developing
1807,2004,54.7,Developing
1808,2003,55.0,Developing
1809,2002,55.7,Developing
1810,2001,56.5,Developing
1811,2000,57.4,Developing
1812,2013,69.22493169398908,Developing
1813,2015,69.2,Developing
1814,2014,69.6,Developing
1815,2013,69.3,Developing
1816,2012,68.9,Developing
1817,2011,68.4,Developing
1818,2010,68.0,Developing
1819,2009,67.5,Developing
1820,2008,67.0,Developing
1821,2007,66.6,Developing
1822,2006,66.0,Developing
1823,2005,65.4,Developing
1824,2004,64.7,Developing
1825,2003,64.3,Developing
1826,2002,63.1,Developing
1827,2001,63.2,Developing
1828,2000,62.5,Developing
1829,2015,81.9,Developed
1830,2014,81.7,Developed
1831,2013,81.4,Developed
1832,2012,81.1,Developed
1833,2011,81.1,Developed
1834,2010,88.0,Developed
1835,2009,86.0,Developed
1836,2008,83.0,Developed
1837,2007,82.0,Developed
1838,2006,79.8,Developed
1839,2005,79.4,Developed
1840,2004,79.2,Developed
1841,2003,78.7,Developed
1842,2002,78.4,Developed
1843,2001,78.3,Developed
1844,2000,78.1,Developed
1845,2015,81.6,Developed
1846,2014,81.5,Developed
1847,2013,81.3,Developed
1848,2012,81.1,Developed
1849,2011,86.0,Developed
1850,2010,89.0,Developed
1851,2009,85.0,Developed
1852,2008,81.0,Developed
1853,2007,81.0,Developed
1854,2006,79.9,Developed
1855,2005,79.9,Developed
1856,2004,79.2,Developed
1857,2003,79.1,Developed
1858,2002,78.7,Developed
1859,2001,78.5,Developed
1860,2000,78.6,Developed
1861,2015,74.8,Developing
1862,2014,74.5,Developing
1863,2013,73.9,Developing
1864,2012,73.9,Developing
1865,2011,74.5,Developing
1866,2010,73.2,Developing
1867,2009,73.2,Developing
1868,2008,72.5,Developing
1869,2007,72.5,Developing
1870,2006,73.0,Developing
1871,2005,71.2,Developing
1872,2004,71.0,Developing
1873,2003,76.0,Developing
1874,2002,75.0,Developing
1875,2001,73.0,Developing
1876,2000,73.0,Developing
1877,2015,61.8,Developing
1878,2014,61.4,Developing
1879,2013,69.0,Developing
1880,2012,63.0,Developing
1881,2011,59.4,Developing
1882,2010,58.2,Developing
1883,2009,57.1,Developing
1884,2008,56.0,Developing
1885,2007,55.2,Developing
1886,2006,54.5,Developing
1887,2005,53.7,Developing
1888,2004,52.9,Developing
1889,2003,52.1,Developing
1890,2002,51.4,Developing
1891,2001,56.0,Developing
1892,2000,50.0,Developing
1893,2015,54.5,Developing
1894,2014,53.6,Developing
1895,2013,53.2,Developing
1896,2012,52.7,Developing
1897,2011,52.3,Developing
1898,2010,52.0,Developing
1899,2009,51.6,Developing
1900,2008,59.0,Developing
1901,2007,55.0,Developing
1902,2006,49.8,Developing
1903,2005,49.2,Developing
1904,2004,48.5,Developing
1905,2003,48.1,Developing
1906,2002,47.7,Developing
1907,2001,47.4,Developing
1908,2000,47.1,Developing
1909,2013,69.22493169398908,Developing
1910,2015,81.8,Developed
1911,2014,81.6,Developed
1912,2013,81.5,Developed
1913,2012,81.3,Developed
1914,2011,81.1,Developed
1915,2010,81.0,Developed
1916,2009,89.0,Developed
1917,2008,86.0,Developed
1918,2007,85.0,Developed
1919,2006,84.0,Developed
1920,2005,81.0,Developed
1921,2004,79.8,Developed
1922,2003,79.4,Developed
1923,2002,78.9,Developed
1924,2001,78.8,Developed
1925,2000,78.5,Developed
1926,2015,76.6,Developing
1927,2014,76.4,Developing
1928,2013,76.2,Developing
1929,2012,76.0,Developing
1930,2011,75.8,Developing
1931,2010,75.6,Developing
1932,2009,75.4,Developing
1933,2008,75.2,Developing
1934,2007,74.9,Developing
1935,2006,74.7,Developing
1936,2005,74.3,Developing
1937,2004,74.0,Developing
1938,2003,73.6,Developing
1939,2002,73.3,Developing
1940,2001,72.9,Developing
1941,2000,72.6,Developing
1942,2015,66.4,Developing
1943,2014,66.2,Developing
1944,2013,66.0,Developing
1945,2012,65.7,Developing
1946,2011,65.5,Developing
1947,2010,65.1,Developing
1948,2009,64.8,Developing
1949,2008,64.6,Developing
1950,2007,64.4,Developing
1951,2006,64.2,Developing
1952,2005,62.9,Developing
1953,2004,63.7,Developing
1954,2003,63.5,Developing
1955,2002,63.2,Developing
1956,2001,63.0,Developing
1957,2000,62.8,Developing
1958,2013,69.22493169398908,Developing
1959,2015,77.8,Developing
1960,2014,77.6,Developing
1961,2013,77.5,Developing
1962,2012,77.2,Developing
1963,2011,77.3,Developing
1964,2010,76.5,Developing
1965,2009,76.8,Developing
1966,2008,76.5,Developing
1967,2007,76.4,Developing
1968,2006,76.2,Developing
1969,2005,75.8,Developing
1970,2004,75.8,Developing
1971,2003,75.5,Developing
1972,2002,75.7,Developing
1973,2001,75.5,Developing
1974,2000,75.7,Developing
1975,2015,62.9,Developing
1976,2014,62.7,Developing
1977,2013,62.4,Developing
1978,2012,62.2,Developing
1979,2011,62.0,Developing
1980,2010,61.8,Developing
1981,2009,61.6,Developing
1982,2008,61.4,Developing
1983,2007,61.1,Developing
1984,2006,68.0,Developing
1985,2005,64.0,Developing
1986,2004,59.9,Developing
1987,2003,59.6,Developing
1988,2002,59.3,Developing
1989,2001,59.1,Developing
1990,2000,58.9,Developing
1991,2015,74.0,Developing
1992,2014,73.9,Developing
1993,2013,73.8,Developing
1994,2012,73.6,Developing
1995,2011,73.4,Developing
1996,2010,73.2,Developing
1997,2009,73.0,Developing
1998,2008,72.7,Developing
1999,2007,72.5,Developing
2000,2006,72.3,Developing
2001,2005,72.1,Developing
2002,2004,71.9,Developing
2003,2003,71.7,Developing
2004,2002,71.5,Developing
2005,2001,71.2,Developing
2006,2000,79.0,Developing
2007,2015,75.5,Developing
2008,2014,75.3,Developing
2009,2013,75.3,Developing
2010,2012,74.9,Developing
2011,2011,74.5,Developing
2012,2010,73.7,Developing
2013,2009,73.8,Developing
2014,2008,73.9,Developing
2015,2007,74.0,Developing
2016,2006,74.2,Developing
2017,2005,72.8,Developing
2018,2004,72.2,Developing
2019,2003,72.1,Developing
2020,2002,72.6,Developing
2021,2001,72.4,Developing
2022,2000,71.4,Developing
2023,2015,68.5,Developing
2024,2014,68.4,Developing
2025,2013,68.1,Developing
2026,2012,68.1,Developing
2027,2011,68.0,Developing
2028,2010,67.9,Developing
2029,2009,68.0,Developing
2030,2008,67.5,Developing
2031,2007,67.5,Developing
2032,2006,67.3,Developing
2033,2005,67.0,Developing
2034,2004,67.3,Developing
2035,2003,67.2,Developing
2036,2002,66.8,Developing
2037,2001,66.8,Developing
2038,2000,66.8,Developing
2039,2015,77.5,Developed
2040,2014,77.3,Developed
2041,2013,77.1,Developed
2042,2012,76.8,Developed
2043,2011,76.7,Developed
2044,2010,76.3,Developed
2045,2009,75.7,Developed
2046,2008,75.5,Developed
2047,2007,75.3,Developed
2048,2006,75.2,Developed
2049,2005,75.0,Developed
2050,2004,74.9,Developed
2051,2003,74.7,Developed
2052,2002,74.5,Developed
2053,2001,74.2,Developed
2054,2000,73.7,Developed
2055,2015,81.1,Developed
2056,2014,89.0,Developed
2057,2013,86.0,Developed
2058,2012,83.0,Developed
2059,2011,82.0,Developed
2060,2010,79.6,Developed
2061,2009,79.3,Developed
2062,2008,79.0,Developed
2063,2007,78.7,Developed
2064,2006,78.5,Developed
2065,2005,77.7,Developed
2066,2004,78.0,Developed
2067,2003,77.3,Developed
2068,2002,77.2,Developed
2069,2001,76.9,Developed
2070,2000,76.6,Developed
2071,2015,78.2,Developing
2072,2014,78.1,Developing
2073,2013,77.9,Developing
2074,2012,77.8,Developing
2075,2011,77.5,Developing
2076,2010,77.3,Developing
2077,2009,77.0,Developing
2078,2008,76.8,Developing
2079,2007,76.7,Developing
2080,2006,76.6,Developing
2081,2005,76.6,Developing
2082,2004,76.6,Developing
2083,2003,76.5,Developing
2084,2002,76.4,Developing
2085,2001,76.3,Developing
2086,2000,76.2,Developing
2087,2015,82.3,Developing
2088,2014,82.0,Developing
2089,2013,81.7,Developing
2090,2012,81.2,Developing
2091,2011,81.1,Developing
2092,2010,87.0,Developing
2093,2009,86.0,Developing
2094,2008,83.0,Developing
2095,2007,79.8,Developing
2096,2006,79.4,Developing
2097,2005,78.7,Developing
2098,2004,78.2,Developing
2099,2003,77.6,Developing
2100,2002,77.1,Developing
2101,2001,76.7,Developing
2102,2000,76.0,Developing
2103,2015,72.1,Developing
2104,2014,71.8,Developing
2105,2013,71.7,Developing
2106,2012,79.0,Developing
2107,2011,77.0,Developing
2108,2010,68.8,Developing
2109,2009,69.0,Developing
2110,2008,68.9,Developing
2111,2007,68.3,Developing
2112,2006,68.0,Developing
2113,2005,67.3,Developing
2114,2004,68.0,Developing
2115,2003,67.6,Developing
2116,2002,67.5,Developing
2117,2001,67.6,Developing
2118,2000,67.1,Developing
2119,2015,75.0,Developed
2120,2014,74.8,Developed
2121,2013,74.6,Developed
2122,2012,74.4,Developed
2123,2011,74.3,Developed
2124,2010,73.4,Developed
2125,2009,73.1,Developed
2126,2008,73.1,Developed
2127,2007,72.9,Developed
2128,2006,72.5,Developed
2129,2005,71.9,Developed
2130,2004,71.7,Developed
2131,2003,71.1,Developed
2132,2002,77.0,Developed
2133,2001,78.0,Developed
2134,2000,77.0,Developed
2135,2015,75.0,Developing
2136,2014,73.0,Developing
2137,2013,70.0,Developing
2138,2012,69.6,Developing
2139,2011,69.4,Developing
2140,2010,68.4,Developing
2141,2009,68.2,Developing
2142,2008,67.5,Developing
2143,2007,67.3,Developing
2144,2006,66.4,Developing
2145,2005,65.0,Developing
2146,2004,64.9,Developing
2147,2003,64.6,Developing
2148,2002,64.8,Developing
2149,2001,65.1,Developing
2150,2000,65.0,Developing
2151,2015,66.1,Developing
2152,2014,65.7,Developing
2153,2013,65.2,Developing
2154,2012,64.6,Developing
2155,2011,63.8,Developing
2156,2010,62.8,Developing
2157,2009,61.0,Developing
2158,2008,68.0,Developing
2159,2007,59.6,Developing
2160,2006,57.6,Developing
2161,2005,55.3,Developing
2162,2004,53.4,Developing
2163,2003,52.0,Developing
2164,2002,57.0,Developing
2165,2001,48.6,Developing
2166,2000,48.3,Developing
2167,2013,69.22493169398908,Developing
2168,2015,75.2,Developing
2169,2014,75.0,Developing
2170,2013,74.8,Developing
2171,2012,74.7,Developing
2172,2011,74.6,Developing
2173,2010,74.2,Developing
2174,2009,74.3,Developing
2175,2008,74.1,Developing
2176,2007,73.9,Developing
2177,2006,73.5,Developing
2178,2005,73.1,Developing
2179,2004,72.6,Developing
2180,2003,72.2,Developing
2181,2002,72.0,Developing
2182,2001,71.8,Developing
2183,2000,71.6,Developing
2184,2015,73.2,Developing
2185,2014,73.1,Developing
2186,2013,72.7,Developing
2187,2012,72.8,Developing
2188,2011,72.7,Developing
2189,2010,72.5,Developing
2190,2009,72.3,Developing
2191,2008,72.1,Developing
2192,2007,71.9,Developing
2193,2006,71.7,Developing
2194,2005,71.4,Developing
2195,2004,71.2,Developing
2196,2003,71.0,Developing
2197,2002,79.0,Developing
2198,2001,79.0,Developing
2199,2000,79.0,Developing
2200,2015,74.0,Developing
2201,2014,73.8,Developing
2202,2013,73.6,Developing
2203,2012,73.2,Developing
2204,2011,73.0,Developing
2205,2010,72.6,Developing
2206,2009,76.0,Developing
2207,2008,72.5,Developing
2208,2007,72.2,Developing
2209,2006,72.0,Developing
2210,2005,71.6,Developing
2211,2004,71.4,Developing
2212,2003,79.0,Developing
2213,2002,76.0,Developing
2214,2001,75.0,Developing
2215,2000,72.0,Developing
2216,2013,69.22493169398908,Developing
2217,2015,67.5,Developing
2218,2014,67.3,Developing
2219,2013,67.1,Developing
2220,2012,66.9,Developing
2221,2011,66.6,Developing
2222,2010,66.2,Developing
2223,2009,65.8,Developing
2224,2008,65.4,Developing
2225,2007,65.1,Developing
2226,2006,64.7,Developing
2227,2005,64.3,Developing
2228,2004,63.8,Developing
2229,2003,63.4,Developing
2230,2002,63.1,Developing
2231,2001,62.8,Developing
2232,2000,62.6,Developing
2233,2015,74.5,Developing
2234,2014,74.4,Developing
2235,2013,74.3,Developing
2236,2012,74.1,Developing
2237,2011,73.9,Developing
2238,2010,73.7,Developing
2239,2009,73.4,Developing
2240,2008,73.3,Developing
2241,2007,73.2,Developing
2242,2006,73.2,Developing
2243,2005,73.1,Developing
2244,2004,73.1,Developing
2245,2003,73.0,Developing
2246,2002,72.9,Developing
2247,2001,72.8,Developing
2248,2000,72.6,Developing
2249,2015,66.7,Developing
2250,2014,66.4,Developing
2251,2013,66.0,Developing
2252,2012,65.6,Developing
2253,2011,64.9,Developing
2254,2010,64.3,Developing
2255,2009,63.5,Developing
2256,2008,62.8,Developing
2257,2007,62.1,Developing
2258,2006,61.3,Developing
2259,2005,65.0,Developing
2260,2004,59.7,Developing
2261,2003,59.0,Developing
2262,2002,58.4,Developing
2263,2001,57.9,Developing
2264,2000,57.5,Developing
2265,2015,75.6,Developing
2266,2014,75.4,Developing
2267,2013,75.3,Developing
2268,2012,74.9,Developing
2269,2011,74.6,Developing
2270,2010,74.4,Developing
2271,2009,74.1,Developing
2272,2008,74.0,Developing
2273,2007,73.8,Developing
2274,2006,73.6,Developing
2275,2005,73.0,Developing
2276,2004,73.0,Developing
2277,2003,73.0,Developing
2278,2002,72.9,Developing
2279,2001,73.1,Developing
2280,2000,72.6,Developing
2281,2015,73.2,Developing
2282,2014,73.0,Developing
2283,2013,72.9,Developing
2284,2012,72.7,Developing
2285,2011,72.6,Developing
2286,2010,72.4,Developing
2287,2009,72.3,Developing
2288,2008,72.2,Developing
2289,2007,72.2,Developing
2290,2006,72.2,Developing
2291,2005,72.2,Developing
2292,2004,72.1,Developing
2293,2003,72.1,Developing
2294,2002,72.1,Developing
2295,2001,72.0,Developing
2296,2000,71.8,Developing
2297,2015,51.0,Developing
2298,2014,48.1,Developing
2299,2013,54.0,Developing
2300,2012,49.7,Developing
2301,2011,48.9,Developing
2302,2010,48.1,Developing
2303,2009,47.1,Developing
2304,2008,46.2,Developing
2305,2007,45.3,Developing
2306,2006,44.3,Developing
2307,2005,43.3,Developing
2308,2004,42.3,Developing
2309,2003,41.5,Developing
2310,2002,48.0,Developing
2311,2001,41.0,Developing
2312,2000,39.0,Developing
2313,2015,83.1,Developed
2314,2014,82.9,Developed
2315,2013,82.7,Developed
2316,2012,82.5,Developed
2317,2011,82.2,Developed
2318,2010,82.0,Developed
2319,2009,81.7,Developed
2320,2008,81.4,Developed
2321,2007,81.1,Developed
2322,2006,87.0,Developed
2323,2005,82.0,Developed
2324,2004,79.7,Developed
2325,2003,79.3,Developed
2326,2002,79.0,Developed
2327,2001,78.7,Developed
2328,2000,78.3,Developed
2329,2015,76.7,Developed
2330,2014,76.4,Developed
2331,2013,76.1,Developed
2332,2012,75.8,Developed
2333,2011,75.6,Developed
2334,2010,75.1,Developed
2335,2009,75.0,Developed
2336,2008,74.7,Developed
2337,2007,74.4,Developed
2338,2006,74.3,Developed
2339,2005,74.0,Developed
2340,2004,74.1,Developed
2341,2003,73.8,Developed
2342,2002,73.7,Developed
2343,2001,73.3,Developed
2344,2000,73.0,Developed
2345,2015,88.0,Developed
2346,2014,87.0,Developed
2347,2013,85.0,Developed
2348,2012,82.0,Developed
2349,2011,79.8,Developed
2350,2010,79.5,Developed
2351,2009,79.1,Developed
2352,2008,78.9,Developed
2353,2007,78.3,Developed
2354,2006,78.1,Developed
2355,2005,77.5,Developed
2356,2004,77.2,Developed
2357,2003,76.5,Developed
2358,2002,76.6,Developed
2359,2001,76.2,Developed
2360,2000,76.0,Developed
2361,2015,69.2,Developing
2362,2014,68.8,Developing
2363,2013,68.8,Developing
2364,2012,68.7,Developing
2365,2011,68.5,Developing
2366,2010,68.3,Developing
2367,2009,68.1,Developing
2368,2008,68.0,Developing
2369,2007,67.6,Developing
2370,2006,67.6,Developing
2371,2005,67.4,Developing
2372,2004,67.1,Developing
2373,2003,66.8,Developing
2374,2002,66.5,Developing
2375,2001,66.2,Developing
2376,2000,65.8,Developing
2377,2015,55.0,Developing
2378,2014,54.3,Developing
2379,2013,54.2,Developing
2380,2012,53.1,Developing
2381,2011,53.1,Developing
2382,2010,52.4,Developing
2383,2009,52.2,Developing
2384,2008,51.9,Developing
2385,2007,51.5,Developing
2386,2006,51.5,Developing
2387,2005,51.6,Developing
2388,2004,51.2,Developing
2389,2003,51.1,Developing
2390,2002,58.0,Developing
2391,2001,57.0,Developing
2392,2000,55.0,Developing
2393,2015,62.9,Developing
2394,2014,62.0,Developing
2395,2013,69.0,Developing
2396,2012,59.2,Developing
2397,2011,58.9,Developing
2398,2010,58.0,Developing
2399,2009,56.5,Developing
2400,2008,55.3,Developing
2401,2007,54.5,Developing
2402,2006,54.0,Developing
2403,2005,53.8,Developing
2404,2004,53.7,Developing
2405,2003,54.0,Developing
2406,2002,54.9,Developing
2407,2001,56.0,Developing
2408,2000,57.3,Developing
2409,2015,57.3,Developing
2410,2014,56.6,Developing
2411,2013,56.4,Developing
2412,2012,56.0,Developing
2413,2011,55.4,Developing
2414,2010,55.0,Developing
2415,2009,54.3,Developing
2416,2008,53.6,Developing
2417,2007,53.1,Developing
2418,2006,52.5,Developing
2419,2005,51.9,Developing
2420,2004,51.4,Developing
2421,2003,58.0,Developing
2422,2002,52.0,Developing
2423,2001,49.6,Developing
2424,2000,48.9,Developing
2425,2015,82.8,Developed
2426,2014,82.6,Developed
2427,2013,82.4,Developed
2428,2012,82.0,Developed
2429,2011,82.1,Developed
2430,2010,81.9,Developed
2431,2009,81.6,Developed
2432,2008,81.3,Developed
2433,2007,89.0,Developed
2434,2006,88.0,Developed
2435,2005,81.0,Developed
2436,2004,81.0,Developed
2437,2003,79.4,Developed
2438,2002,79.5,Developed
2439,2001,79.4,Developed
2440,2000,79.1,Developed
2441,2015,74.9,Developing
2442,2014,74.7,Developing
2443,2013,74.6,Developing
2444,2012,74.5,Developing
2445,2011,74.5,Developing
2446,2010,74.5,Developing
2447,2009,71.8,Developing
2448,2008,72.3,Developing
2449,2007,73.7,Developing
2450,2006,73.8,Developing
2451,2005,74.2,Developing
2452,2004,69.1,Developing
2453,2003,73.9,Developing
2454,2002,73.7,Developing
2455,2001,72.7,Developing
2456,2000,71.5,Developing
2457,2015,64.1,Developing
2458,2014,63.8,Developing
2459,2013,63.5,Developing
2460,2012,63.2,Developing
2461,2011,62.7,Developing
2462,2010,62.5,Developing
2463,2009,62.0,Developing
2464,2008,61.8,Developing
2465,2007,61.4,Developing
2466,2006,61.0,Developing
2467,2005,67.0,Developing
2468,2004,59.7,Developing
2469,2003,59.6,Developing
2470,2002,59.4,Developing
2471,2001,58.9,Developing
2472,2000,58.6,Developing
2473,2015,71.6,Developing
2474,2014,71.4,Developing
2475,2013,71.2,Developing
2476,2012,71.3,Developing
2477,2011,76.0,Developing
2478,2010,73.0,Developing
2479,2009,70.0,Developing
2480,2008,69.8,Developing
2481,2007,69.5,Developing
2482,2006,69.3,Developing
2483,2005,68.9,Developing
2484,2004,68.3,Developing
2485,2003,68.0,Developing
2486,2002,67.9,Developing
2487,2001,67.7,Developing
2488,2000,67.4,Developing
2489,2015,58.9,Developing
2490,2014,58.4,Developing
2491,2013,57.6,Developing
2492,2012,56.5,Developing
2493,2011,55.0,Developing
2494,2010,53.6,Developing
2495,2009,52.6,Developing
2496,2008,51.4,Developing
2497,2007,50.0,Developing
2498,2006,47.8,Developing
2499,2005,46.0,Developing
2500,2004,45.6,Developing
2501,2003,45.9,Developing
2502,2002,46.4,Developing
2503,2001,47.1,Developing
2504,2000,48.4,Developing
2505,2015,82.4,Developed
2506,2014,82.3,Developed
2507,2013,81.9,Developed
2508,2012,81.7,Developed
2509,2011,81.7,Developed
2510,2010,81.5,Developed
2511,2009,81.4,Developed
2512,2008,81.1,Developed
2513,2007,89.0,Developed
2514,2006,88.0,Developed
2515,2005,85.0,Developed
2516,2004,83.0,Developed
2517,2003,82.0,Developed
2518,2002,79.9,Developed
2519,2001,79.8,Developed
2520,2000,79.6,Developed
2521,2015,83.4,Developed
2522,2014,83.2,Developed
2523,2013,83.0,Developed
2524,2012,82.7,Developed
2525,2011,82.6,Developed
2526,2010,82.3,Developed
2527,2009,82.1,Developed
2528,2008,82.0,Developed
2529,2007,81.7,Developed
2530,2006,81.5,Developed
2531,2005,81.1,Developed
2532,2004,81.0,Developed
2533,2003,85.0,Developed
2534,2002,84.0,Developed
2535,2001,82.0,Developed
2536,2000,79.7,Developed
2537,2015,64.5,Developing
2538,2014,64.4,Developing
2539,2013,63.6,Developing
2540,2012,62.8,Developing
2541,2011,71.7,Developing
2542,2010,73.7,Developing
2543,2009,73.8,Developing
2544,2008,73.8,Developing
2545,2007,73.8,Developing
2546,2006,73.7,Developing
2547,2005,73.5,Developing
2548,2004,73.2,Developing
2549,2003,73.0,Developing
2550,2002,72.8,Developing
2551,2001,72.7,Developing
2552,2000,72.6,Developing
2553,2015,69.7,Developing
2554,2014,69.6,Developing
2555,2013,69.3,Developing
2556,2012,68.8,Developing
2557,2011,68.1,Developing
2558,2010,67.3,Developing
2559,2009,66.7,Developing
2560,2008,66.4,Developing
2561,2007,66.1,Developing
2562,2006,65.9,Developing
2563,2005,65.5,Developing
2564,2004,65.9,Developing
2565,2003,65.2,Developing
2566,2002,64.3,Developing
2567,2001,64.0,Developing
2568,2000,63.7,Developing
2569,2015,74.9,Developing
2570,2014,74.6,Developing
2571,2013,74.5,Developing
2572,2012,74.3,Developing
2573,2011,74.1,Developing
2574,2010,73.9,Developing
2575,2009,73.7,Developing
2576,2008,73.5,Developing
2577,2007,73.3,Developing
2578,2006,73.0,Developing
2579,2005,72.5,Developing
2580,2004,71.6,Developing
2581,2003,71.7,Developing
2582,2002,71.4,Developing
2583,2001,71.2,Developing
2584,2000,71.1,Developing
2585,2015,75.7,Developing
2586,2014,75.5,Developing
2587,2013,75.3,Developing
2588,2012,75.1,Developing
2589,2011,74.9,Developing
2590,2010,74.7,Developing
2591,2009,74.4,Developing
2592,2008,74.2,Developing
2593,2007,73.5,Developing
2594,2006,73.7,Developing
2595,2005,73.6,Developing
2596,2004,73.5,Developing
2597,2003,73.2,Developing
2598,2002,72.8,Developing
2599,2001,73.1,Developing
2600,2000,72.6,Developing
2601,2015,68.3,Developing
2602,2014,68.0,Developing
2603,2013,67.7,Developing
2604,2012,67.4,Developing
2605,2011,67.2,Developing
2606,2010,66.9,Developing
2607,2009,66.6,Developing
2608,2008,66.2,Developing
2609,2007,65.8,Developing
2610,2006,64.9,Developing
2611,2005,63.7,Developing
2612,2004,62.3,Developing
2613,2003,61.0,Developing
2614,2002,62.0,Developing
2615,2001,59.4,Developing
2616,2000,58.7,Developing
2617,2015,59.9,Developing
2618,2014,59.7,Developing
2619,2013,59.4,Developing
2620,2012,58.9,Developing
2621,2011,58.3,Developing
2622,2010,57.4,Developing
2623,2009,56.7,Developing
2624,2008,56.2,Developing
2625,2007,55.9,Developing
2626,2006,55.7,Developing
2627,2005,55.0,Developing
2628,2004,54.9,Developing
2629,2003,54.7,Developing
2630,2002,54.7,Developing
2631,2001,54.6,Developing
2632,2000,54.6,Developing
2633,2015,73.5,Developing
2634,2014,73.3,Developing
2635,2013,73.2,Developing
2636,2012,73.0,Developing
2637,2011,72.9,Developing
2638,2010,72.8,Developing
2639,2009,72.5,Developing
2640,2008,72.6,Developing
2641,2007,72.5,Developing
2642,2006,72.4,Developing
2643,2005,72.3,Developing
2644,2004,72.2,Developing
2645,2003,72.0,Developing
2646,2002,71.9,Developing
2647,2001,71.8,Developing
2648,2000,71.6,Developing
2649,2015,71.2,Developing
2650,2014,71.1,Developing
2651,2013,71.0,Developing
2652,2012,78.0,Developing
2653,2011,76.0,Developing
2654,2010,74.0,Developing
2655,2009,71.0,Developing
2656,2008,69.9,Developing
2657,2007,69.7,Developing
2658,2006,69.6,Developing
2659,2005,69.5,Developing
2660,2004,69.4,Developing
2661,2003,69.3,Developing
2662,2002,69.2,Developing
2663,2001,69.1,Developing
2664,2000,69.1,Developing
2665,2015,75.3,Developing
2666,2014,75.1,Developing
2667,2013,74.9,Developing
2668,2012,74.9,Developing
2669,2011,74.8,Developing
2670,2010,74.8,Developing
2671,2009,74.7,Developing
2672,2008,74.7,Developing
2673,2007,74.6,Developing
2674,2006,74.4,Developing
2675,2005,74.2,Developing
2676,2004,74.0,Developing
2677,2003,73.7,Developing
2678,2002,73.5,Developing
2679,2001,73.2,Developing
2680,2000,72.9,Developing
2681,2015,75.8,Developing
2682,2014,75.5,Developing
2683,2013,75.2,Developing
2684,2012,74.8,Developing
2685,2011,74.5,Developing
2686,2010,74.2,Developing
2687,2009,73.9,Developing
2688,2008,73.5,Developing
2689,2007,73.2,Developing
2690,2006,72.8,Developing
2691,2005,72.4,Developing
2692,2004,72.0,Developing
2693,2003,71.6,Developing
2694,2002,71.2,Developing
2695,2001,78.0,Developing
2696,2000,74.0,Developing
2697,2015,66.3,Developing
2698,2014,66.0,Developing
2699,2013,65.4,Developing
2700,2012,65.6,Developing
2701,2011,65.6,Developing
2702,2010,65.8,Developing
2703,2009,65.6,Developing
2704,2008,64.5,Developing
2705,2007,64.1,Developing
2706,2006,63.7,Developing
2707,2005,63.3,Developing
2708,2004,63.5,Developing
2709,2003,63.4,Developing
2710,2002,63.3,Developing
2711,2001,64.0,Developing
2712,2000,63.8,Developing
2713,2013,69.22493169398908,Developing
2714,2015,62.3,Developing
2715,2014,61.5,Developing
2716,2013,67.0,Developing
2717,2012,60.0,Developing
2718,2011,59.3,Developing
2719,2010,58.4,Developing
2720,2009,57.5,Developing
2721,2008,56.3,Developing
2722,2007,55.5,Developing
2723,2006,54.9,Developing
2724,2005,53.2,Developing
2725,2004,51.3,Developing
2726,2003,51.0,Developing
2727,2002,48.8,Developing
2728,2001,47.7,Developing
2729,2000,46.6,Developing
2730,2015,71.3,Developing
2731,2014,78.0,Developing
2732,2013,71.0,Developing
2733,2012,77.0,Developing
2734,2011,75.0,Developing
2735,2010,69.8,Developing
2736,2009,69.2,Developing
2737,2008,67.7,Developing
2738,2007,67.5,Developing
2739,2006,67.7,Developing
2740,2005,67.0,Developing
2741,2004,67.4,Developing
2742,2003,67.6,Developing
2743,2002,67.6,Developing
2744,2001,67.7,Developing
2745,2000,67.5,Developing
2746,2015,77.1,Developing
2747,2014,76.9,Developing
2748,2013,76.7,Developing
2749,2012,76.5,Developing
2750,2011,76.3,Developing
2751,2010,76.2,Developing
2752,2009,76.0,Developing
2753,2008,75.8,Developing
2754,2007,75.6,Developing
2755,2006,75.4,Developing
2756,2005,75.3,Developing
2757,2004,75.1,Developing
2758,2003,74.9,Developing
2759,2002,74.7,Developing
2760,2001,74.5,Developing
2761,2000,74.2,Developing
2762,2015,81.2,Developed
2763,2014,81.0,Developed
2764,2013,87.0,Developed
2765,2012,86.0,Developed
2766,2011,86.0,Developed
2767,2010,82.0,Developed
2768,2009,81.0,Developed
2769,2008,79.6,Developed
2770,2007,79.5,Developed
2771,2006,79.3,Developed
2772,2005,79.0,Developed
2773,2004,78.8,Developed
2774,2003,78.3,Developed
2775,2002,78.2,Developed
2776,2001,78.0,Developed
2777,2000,77.8,Developed
2778,2015,61.8,Developing
2779,2014,67.0,Developing
2780,2013,59.7,Developing
2781,2012,58.6,Developing
2782,2011,58.3,Developing
2783,2010,57.5,Developing
2784,2009,56.9,Developing
2785,2008,56.2,Developing
2786,2007,54.5,Developing
2787,2006,53.1,Developing
2788,2005,52.2,Developing
2789,2004,51.5,Developing
2790,2003,58.0,Developing
2791,2002,52.0,Developing
2792,2001,49.6,Developing
2793,2000,49.2,Developing
2794,2015,79.3,Developed
2795,2014,79.1,Developed
2796,2013,78.9,Developed
2797,2012,78.8,Developed
2798,2011,78.7,Developed
2799,2010,78.7,Developed
2800,2009,78.5,Developed
2801,2008,78.2,Developed
2802,2007,78.1,Developed
2803,2006,77.8,Developed
2804,2005,77.5,Developed
2805,2004,77.5,Developed
2806,2003,77.2,Developed
2807,2002,77.0,Developed
2808,2001,76.9,Developed
2809,2000,76.8,Developed
2810,2015,77.0,Developing
2811,2014,76.8,Developing
2812,2013,76.8,Developing
2813,2012,76.5,Developing
2814,2011,77.0,Developing
2815,2010,76.3,Developing
2816,2009,76.6,Developing
2817,2008,76.4,Developing
2818,2007,75.4,Developing
2819,2006,76.2,Developing
2820,2005,75.7,Developing
2821,2004,75.4,Developing
2822,2003,75.4,Developing
2823,2002,75.4,Developing
2824,2001,75.2,Developing
2825,2000,75.1,Developing
2826,2015,69.4,Developing
2827,2014,69.2,Developing
2828,2013,69.1,Developing
2829,2012,68.8,Developing
2830,2011,68.5,Developing
2831,2010,68.3,Developing
2832,2009,68.0,Developing
2833,2008,67.9,Developing
2834,2007,67.8,Developing
2835,2006,67.6,Developing
2836,2005,67.3,Developing
2837,2004,67.8,Developing
2838,2003,67.2,Developing
2839,2002,67.1,Developing
2840,2001,67.4,Developing
2841,2000,67.1,Developing
2842,2015,72.0,Developing
2843,2014,71.7,Developing
2844,2013,71.6,Developing
2845,2012,71.4,Developing
2846,2011,71.2,Developing
2847,2010,71.0,Developing
2848,2009,78.0,Developing
2849,2008,75.0,Developing
2850,2007,73.0,Developing
2851,2006,71.0,Developing
2852,2005,69.9,Developing
2853,2004,69.6,Developing
2854,2003,69.4,Developing
2855,2002,69.3,Developing
2856,2001,69.1,Developing
2857,2000,69.0,Developing
2858,2015,74.1,Developing
2859,2014,73.9,Developing
2860,2013,73.8,Developing
2861,2012,73.7,Developing
2862,2011,73.8,Developing
2863,2010,73.7,Developing
2864,2009,73.6,Developing
2865,2008,73.2,Developing
2866,2007,73.4,Developing
2867,2006,73.6,Developing
2868,2005,73.6,Developing
2869,2004,73.3,Developing
2870,2003,72.4,Developing
2871,2002,73.1,Developing
2872,2001,72.5,Developing
2873,2000,72.5,Developing
2874,2015,76.0,Developing
2875,2014,75.9,Developing
2876,2013,75.7,Developing
2877,2012,75.6,Developing
2878,2011,75.4,Developing
2879,2010,75.2,Developing
2880,2009,75.0,Developing
2881,2008,74.9,Developing
2882,2007,74.7,Developing
2883,2006,74.6,Developing
2884,2005,74.4,Developing
2885,2004,74.2,Developing
2886,2003,74.0,Developing
2887,2002,73.8,Developing
2888,2001,73.6,Developing
2889,2000,73.4,Developing
2890,2015,65.7,Developing
2891,2014,65.4,Developing
2892,2013,65.4,Developing
2893,2012,64.7,Developing
2894,2011,64.6,Developing
2895,2010,64.4,Developing
2896,2009,64.1,Developing
2897,2008,63.8,Developing
2898,2007,63.4,Developing
2899,2006,63.0,Developing
2900,2005,62.6,Developing
2901,2004,62.2,Developing
2902,2003,61.9,Developing
2903,2002,61.5,Developing
2904,2001,61.1,Developing
2905,2000,68.0,Developing
2906,2015,61.8,Developing
2907,2014,61.1,Developing
2908,2013,63.0,Developing
2909,2012,59.2,Developing
2910,2011,58.2,Developing
2911,2010,58.0,Developing
2912,2009,57.4,Developing
2913,2008,55.7,Developing
2914,2007,52.6,Developing
2915,2006,58.0,Developing
2916,2005,49.3,Developing
2917,2004,47.9,Developing
2918,2003,46.4,Developing
2919,2002,45.5,Developing
2920,2001,44.6,Developing
2921,2000,43.8,Developing
2922,2015,67.0,Developing
2923,2014,59.2,Developing
2924,2013,58.0,Developing
2925,2012,56.6,Developing
2926,2011,54.9,Developing
2927,2010,52.4,Developing
2928,2009,50.0,Developing
2929,2008,48.2,Developing
2930,2007,46.6,Developing
2931,2006,45.4,Developing
2932,2005,44.6,Developing
2933,2004,44.3,Developing
2934,2003,44.5,Developing
2935,2002,44.8,Developing
2936,2001,45.3,Developing
2937,2000,46.0,Developing
